제목,링크
3100 뚫은 코스피… “내년 상반기 3600 간다”,https://n.news.naver.com/mnews/article/005/0001785392
중동 긴장 완화·금리 인하 기대…뉴욕 주가 상승,https://n.news.naver.com/mnews/article/056/0011975432
"“금 ETF, 뒤늦게 내고 싸게 판다”…‘자유 경쟁’vs‘시장 퇴보’ 갑론을박",https://n.news.naver.com/mnews/article/018/0006047854
"뉴엔AI, 일반청약 1468.83대 1 흥행…6조 증거금 몰려",https://n.news.naver.com/mnews/article/018/0006047866
"경력자 우대에 대졸 취준생 54％ ""취업 진입 장벽""",https://n.news.naver.com/mnews/article/052/0002209870
주말 주택 짓기 쉬워진다… 농림지역 140만개 필지 일반인도 집 신축 가능,https://n.news.naver.com/mnews/article/029/0002963514
"'취업자 8,000명 배출' 삼성 SW 교육 프로그램, AI 중심으로 탈바꿈",https://n.news.naver.com/mnews/article/469/0000872136
"'구두계약 갑질' 엔터 5개사, 외주사에 총 10억원 지원",https://n.news.naver.com/mnews/article/422/0000752746
"한성숙 ""책임감 느껴…中企는 경제근간, 혁신성장 선도""(종합)",https://n.news.naver.com/mnews/article/001/0015467183
집값 기대심리 44개월 만에 가장 높아…소비심리는 회복세,https://n.news.naver.com/mnews/article/032/0003378130
"코스피 3100, 코스닥 800 돌파",https://n.news.naver.com/mnews/article/023/0003913085
"美,산업계 전방위로 ""반도체 관세 부과 절대 반대""",https://n.news.naver.com/mnews/article/015/0005149146
가입 석달 뒤 임플란트 하고 해지… ‘일회용 보험’ 된 치아보험,https://n.news.naver.com/mnews/article/023/0003913050
"“K방산 기업, 5~6년 치 일감 수주… 현재 주가 비싸지 않다”",https://n.news.naver.com/mnews/article/023/0003913048
"공사 발주 줄자… 건설사, 재건축·재개발로 몰렸다",https://n.news.naver.com/mnews/article/023/0003913042
트럼프 1기 때 임명된 연준 인사들 “7월 금리 인하 고려해야”,https://n.news.naver.com/mnews/article/023/0003913033
불붙은 증시… ‘지·금·조·방·원’이 이끈다,https://n.news.naver.com/mnews/article/023/0003913026
"두께는 초슬림, 성능은 울트라급… 갤럭시 Z폴드7 내달 뉴욕서 데뷔",https://n.news.naver.com/mnews/article/005/0001785399
대명소노가 키 잡은 티웨이항공… ‘소노항공’으로 새출발,https://n.news.naver.com/mnews/article/005/0001785394
잘 키운 HBM 하나… SK하이닉스 시총 첫 200조 돌파,https://n.news.naver.com/mnews/article/005/0001785390
"트럼프 ""中, 이란산 원유 계속 구입 가능""…제재 완화 시사",https://n.news.naver.com/mnews/article/293/0000069009
“갤S25 공짜폰에 ‘차비’까지”… 7월 ‘보조금 전쟁’ 열리나,https://n.news.naver.com/mnews/article/005/0001785386
지도반출 논란 18년… 각국 “안보보다 뭣이 중헌디” 브레이크,https://n.news.naver.com/mnews/article/005/0001785383
"정제마진 개선에 배터리도 반등…SK이노, 하반기 실적 회복 기대감",https://n.news.naver.com/mnews/article/629/0000401408
'삼천피'에 다시 뜨는 변액보험…불완전 판매 우려 딛고 시장 확대될까,https://n.news.naver.com/mnews/article/629/0000401407
프리미엄TV 너마저…삼성 > 중국 > 중국 > LG,https://n.news.naver.com/mnews/article/025/0003450406
"미국, 내달 금리 내리나…Fed 수뇌부 잇따라 ‘신중론’ 파월에 반기",https://n.news.naver.com/mnews/article/025/0003450408
"손 잡거나 손에 넣거나, K조선 미국 진출 투트랙 전략",https://n.news.naver.com/mnews/article/025/0003450407
"대한항공, 상여금 전액 통상임금에 포함한다",https://n.news.naver.com/mnews/article/015/0005149129
"뉴욕증시, 이스라엘-이란 휴전에 반색…동반 강세 출발",https://n.news.naver.com/mnews/article/001/0015468199
“이젠 ‘저가 중국산’도 옛말”...줄서서 기다린다는 강남 굿즈 가게의 정체,https://n.news.naver.com/mnews/article/009/0005514258
50일 만에 돌아온 SKT...보조금 전쟁 불붙나?,https://n.news.naver.com/mnews/article/052/0002210323
"“3000까지 달렸으니 쉬었다 가겠지”...하락에 베팅한 개미, 울었다",https://n.news.naver.com/mnews/article/009/0005514256
연준 의장 흔드는 트럼프의 사람들…파월 건너뛰고 줄줄이 “7월 금리 인하”,https://n.news.naver.com/mnews/article/009/0005514252
"파월 ""관세영향 명확할 때까진 금리 인하 기다려야""",https://n.news.naver.com/mnews/article/015/0005149124
일본 간 한국인 882만명 vs 한국 온 일본인 322만명...‘이것’이 덜 오게 만들었다,https://n.news.naver.com/mnews/article/009/0005514246
"美연준의장 의회서 금리 관망기조 재확인…""기다리기 좋은 위치""",https://n.news.naver.com/mnews/article/001/0015468179
적금 대신 상조 가입하더니 해외여행까지 간다고?…그들 속내 알아보니 [혜성특급],https://n.news.naver.com/mnews/article/009/0005514241
"“자꾸 돈 맡기기 싫어지네”...국내 최대 큰손, 토종 사모펀드 멀리하는 이유는",https://n.news.naver.com/mnews/article/009/0005514235
건설 대기업들 “가덕신공항 참여 의사 있다”,https://n.news.naver.com/mnews/article/082/0001332259
"“공장 불타 망연자실했는데 삼성이”...김자반 공장, 연매출 70억 대박 비결은",https://n.news.naver.com/mnews/article/009/0005514232
"""115만 원 갤럭시 S25가 공짜""…보조금 경쟁 불붙었다",https://n.news.naver.com/mnews/article/055/0001269414
주가도 유가도 트럼프 입을 보면 안다… 재선 7개월 새 ‘울고 웃고’ 급등락 반복 [뉴스+],https://n.news.naver.com/mnews/article/022/0004046247
신도시·그린벨트 등 공급 활성화 검토 [새 정부 파격 규제 내놓을까],https://n.news.naver.com/mnews/article/024/0000098069
실거주자 상급지 ‘똘똘한 한 채’로 [혼란의 부동산 시장 투자법],https://n.news.naver.com/mnews/article/024/0000098068
"‘절체절명’ 반도체, 삼성을 어찌할꼬",https://n.news.naver.com/mnews/article/024/0000098067
